Question	Answer	Source
Договор оказания услуг удостоверяющего центра	"Для получения Договора оказания услуг УЦ "FT-crypto" отправьте запрос (можно не официальный) на адрес электронной почты uc@ft-crypto.ru. При необходимости в запросе укажите реквизиты организации. По факту поступления запроса Вам будет предоставлен ответ."	Editorial
Инструкции по работе в Сервисе управления сертификатами 	 " Инструкции по работе в Сервисе управления сертификатами можно посмотреть на сайте УЦ "FT-crypto" [http://cryptoca.ru/](http://cryptoca.ru/) в разделе "Помощь" - "Инструкции". В разделе доступны следующие инструкции:*   "Порядок получения сертификата ЭП";\n*   "Условия использования Крипто ПРО CSP";\n*   "Инструкция по установке сертификата ЭП";\n*   "Инстукция по настройке MS Outlook для работы с электронной подписью";\n*   "Использование КриптоПро CSP в The Bat!"".	Editorial
Просмотр документов Удостоверяющего центра УЦ "FT-crypto" 	"Для просмотра документов УЦ "FT-crypto" (Лицензия, свидетельство об аккредитации, сертификаты УЦ, Регламент, тарифы УЦ):1.  Перейдите на главную старинцу сайта УЦ "FT-crypto" (http://cryptoca.ru/);\n2.  Выберите раздел "О нас" и в нижней части формы в разделе "Документы Удостоверяющего центра" с помощью ссылки откройте необходимый документ."	Editorial
Серийный номер лицензии КриптоПро 	"Лицензия КриптоПро встроена в сертификат. При установке КриптоПро для работы с сертификатом, полученном в УЦ "FT-crypto", серийный номер вводить не нужно. Необходимо нажать кнопку "Далее" и продолжить установку сертификата. Наличие ограниченной лицензии можно посмотреть в сертификате:1.  Откройте программу КриптоПро (Пуск / Все программы / папка КриптоПро / программа КриптоПро CSP);\n2.  Перейдите на вкладку "Сервис" и нажмите кнопку "Просмотреть сертификаты в контейнере";\n3.  С помощью кнопки "Обзор" выберите контейнер закрытого ключа и нажмите кнопку "Далее";\n4.  В открывшемся окне нажмите кнопку "Свойства" и перейдите на вкладку "Состав";\n5.  Выберите строку "Ограниченная лицензия" и просмотрите срок действия ограниченной лицензии.Срок действия ограниченной лицензии КриптоПро равен сроку действия сертификата (1 год)."	Editorial
Действие  ограниченной лицензии с сертификатом, выданным другим УЦ 	"Ограниченная лицензия встроена в сертификат, она будет действительна только для электронной подписи, выданной УЦ "FT-crypto"."	Editorial
Получение лицензии КриптоПро 	 "Лицензию КриптоПро можно заказать только вместе с сертификатом электронной подписи, отдельно заказать лицензию в УЦ "FT-crypto" возможности нет."	Editorial
Получение лицензии КриптоПро при перевыпуске сертификата 	"Лицензия Крипто-Про встроена в сертификати действует в течение срока действия сертификата электронной подписи.При получении сертификата на нового пользователя или перевыпуске сертификата после истечения срока действия предыдущего, необходимо дополнительно заказать лицензию КриптоПро, для этого в форме заявки в разделе "Заказать дополнительно" установите соответствующий чек-бокс."	Editorial
Работа по ЭП, полученной в УЦ "FT-crypto", через другой криптопровайдер, отличный от КриптоПро	"Возможность работать по электронной подписи, полученной в УЦ "FT-crypto", есть только через криптопровайдер Крипто Про".	Editorial
Установка Крипто Про CSP 	Действия по установке программы КриптоПро осуществляется пользователем самостоятельно. Удалять старую версию КриптоПро не обязательно.Для корректной работы с сертификатом, выданным УЦ "FT-crypto" необходимо установить средство криптографической защиты Крипто Про CSP. Версия программы должна быть не ниже 3.6.6497, для операционной системы Windows 8, 8.1, 10 версия должна быть не ниже 4.0. Для установки программы КриптоПро:1.  Зарегистрируйтесь на сайте [КриптоПро](https://www.cryptopro.ru/);\n2.  После регистрации перейдите в раздел "Загрузки" и в нижней части формы нажмите на кнопку "Я согласен с Лицензионным соглашением. Перейти к загрузке";\n3.  В предложенном списке выберите версию программы КриптоПро CSP в соответствии с Вашей операционной системой (Windows 7 - КриптоПро CSP 3.6 R4 (3.6.1), Windows 8, 8.1, 10 - КриптоПро CSP 4.0);\n4.  Запустите установочный файл и в открывшемся Мастере установки нажмите кнопку "Далее";\n5.  В открывшемся окне ознакомьтесь с Лицензионным соглашением, поставьте радиокнопку "Я принимаю условия лицензионного соглашения" и нажмите кнопку "Далее";\n6.  Укажите сведения о себе в полях "Пользователь" и "Организация";\n7.  Поле "Серийный номер" оставьте пустым в случае если Вы заказывали сертификат в УЦ "FT-crypto" вместе с ограниченной лицензией. Если лицензию Вы приобретали отдельно от сертификата электронной подписи, в данном поле введите серийный номер лицензии КриптоПро;\n8.  Далее все действия выполните по умолчанию.После установки программы КриптоПро перезагрузите компьютер.	Editorial
Подача заявки на перевыпуск сертификата с истекшим сроком действия лицензии КриптоПро 	"Подача заявки на перевыпуск с истекшим сроком действия лицензии КриптоПро возможна либо с другого компьютера, на котором установлена действующая лицензия, либо после приобретения и установки лицензии КриптоПро".	Editorial
Установка корневого сертификата УЦ "FT-crypto" 	 "Корневой сертификат УЦ "FT-crypto" можно скачать с сайта УЦ "FT-crypto" *   (главная страница сайта УЦ "FT-crypto" ([http://cryptoca.ru/](http://cryptoca.ru/)) / раздел "О нас" / Сертификаты УЦ)\n*   (главная страница сайта УЦ "FT-crypto" ([http://cryptoca.ru/](http://cryptoca.ru/)) / раздел "Помощь"/ раздел "Файлы" - "Корневые сертификатыДля сертфиикатов в которых издатель FT Crypto необходимо скачивать "Корневые сертификаты FT crypto" и устанавливать в соответствии с инструкцией из раздела "Помощь" / "Инструкции" / "Установка корневых сертификатов FT Crypto".	Editorial
Настройка программного обеспечения для работы в Сервисе управления сертификатами УЦ "FT-crypto"	**Ответ оператора: **"Поддерживаемые операционные системы:*   Windows 7; \n*   Windows 8; \n*   Windows 8.1;\n*   Windows 10.Поддерживаемые браузеры:  Для отправки заявки на выпуск сертификата может быть использован любой браузер. Генерация и установка сертификата возможна только через Internet Explorer версии не ниже 9.Настройка программного обеспечения:1.  Отключите все защитное и антивирусное ПО;\n2.  Установите криптопровайдер Крипто-Про не ниже версии 3.6.6497 (для операционной системы Windows 8, 8.1 - не ниже 3.9, Windows 10 версия КриптоПро должна быть не ниже 4.0);\n3.  Установите корневой сертификат УЦ "FT-crypto". Ссылку на корневой сертификат можно найти на сайте УЦ "FT-crypto" (http://cryptoca.ru/) в разделе "Помощь" / "Файлы" / "Корневые сертификаты".	Editorial
Драйверы ключевого носителя 	**Ответ оператора: **"Драйверы ключевого носителя eToken PKI Client 5.1 sp1 32bit и eToken PKI Client 5.1 sp1 64bit можно скачать с сайта УЦ "FT-crypto" (http://cryptoca.ru/) в разделе "Помощь", далее "Файлы".При установке драйвера ключевой носитель не должен быть подключен к компьютеру пользователя."	Editorial
Настройка рабочего места  перед генерацией сертификата 	"Перед генерацией сертификата проверьте наличие следующих программ (настроек) на Вашем персональном компьютере:1.  Криптопровайдер КриптоПро не ниже версии 3.6.6497 (для операционной системы Windows 8, 8.1, 10 версия КриптоПро должна быть не ниже 4.0);\n2.  Установленные корневые сертификаты УЦ "FT-crypto" (см.ст. ["Установка корневого сертификата УЦ "FT-crypto"](http://vtiger.sibir.rts-tender/index.php?module=Faq&parenttab=Support&action=DetailView&record=2657804)");\n3.  Установленный драйвер ключевого носителя (см.ст. "[Драйвер ключевого носителя](http://vtiger.sibir.rts-tender/index.php?module=Faq&parenttab=Support&action=DetailView&record=2661603)");\n4.  После установки (настройки) рекомендуется перезагрузить компьютер и перейти в заявку на сертификат используя браузер Internet Explorer версия не ниже 9.	Editorial
Отказ от получения сертификата. Возврат денежных средств 		Editorial
Где  можно  работать с  ЭП, полученной  в УЦ "FT-crypto"?	Сертификатом электронной подписи УЦ "FT-crypto" могут подписываться документы в формате Word.Квалифицированный сертификат электронной подписи, изготовленный УЦ "FT-crypto", может быть использован на следующих ресурсах:*    Электронные торговые площадки, уполномоченные на проведение закупок для государственных и муниципальных нужд по Федеральным законам №94-ФЗ и №44-ФЗ: (Торговая площадка PTC-тендер, Сбербанк-АСТ, ЕЭТП, ММВБ и ЭТП РТ);\n*    Электронные торговые площадки, на которых возможна работа в рамках 223-ФЗ и коммерческих торгов. (За исключением ТЭК-торг, Фабрикант -планируется работа в ближайшее время);\n*   Газнефтеторг - [www.gazneftetorg.ru](http://www.gazneftetorg.ru/), Оборонторг - [www.oborontorg.ru](http://www.oborontorg.ru/), Спецстройторг – [www.sstorg.ru](http://www.sstorg.ru/); \n*   Официальный сайт Российской Федерации для размещения информации о размещении заказов – [www.zakupki.gov.ru](http://www.zakupki.gov.ru) (для Заказчиков по 223-ФЗ);\n*   Портал государственных услуг – [www.gosuslugi.ru](http://www.gosuslugi.ru);\n*   Единый реестр доменных имен, содержащий сведения об интернет-ресурсах, которые нарушают нормы действующего законодательства – [www.zapret-info.gov.ru; ](http://www.zapret-info.gov.ru)\n*   Межведомственный портал по управлению государственной собственностью – [mvpt.rosim.ru; ](https://mvpt.rosim.ru/SitePages/%D0%94%D0%BE%D0%BC%D0%B0%D1%88%D0%BD%D1%8F%D1%8F.aspx)\n*   Единая государственная информационная система учета объема производства и оборота этилового спирта, алкогольной и спиртосодержащей продукции (ЕГАИС) (Росалкогольрегулирование) – [https://service.fsrar.ru/auth/login](https://service.fsrar.ru/auth/login);\n*   Федеральная служба по финансовому мониторингу (для предоставления информации об операциях (сделках) в электронном виде) – [http://www.fedsfm.ru](http://www.fedsfm.ru/);\n*   Портал поставщиков – [http://market.zakupki.mos.ru](http://market.zakupki.mos.ru/);\n*    Портал Федеральной налоговой службы - [www.nalog.ru](https://www.nalog.ru/rn54/) (возможно подписание деклараций на сайте ФНС).\n*   Портал государственных и муниципальных услуг (функция) г.Москвы - [https://login.mos.ru/eaidit/eaiditweb/openlogincert.do](https://login.mos.ru/eaidit/eaiditweb/openlogincert.do)\n*   Федеральная служба по аккредитации (Росаккредитация) - [http://fsa.gov.ru](http://fsa.gov.ru/)Требования к сертификатам для работы на других ЭП следует уточнить у Операторов соответствующих электронных площадок.По сертификату полученному, в УЦ "FT-crypto" нет возможности работать на иностранных ЭП. В силу того, что требования предъявляемые к электронной подписи отличаются как на законодательном, так и на техническом уровне.	Editorial
Срок действия электронной подписи	Срок действия электронной подписи составляет 1 год с момента формирования электронной подписи. Во время акций срок действия вновь сгенерированных подписей может быть увеличен.	Editorial
Можно ли заказать только USB-ключ e-Token, лицензию КриптоПро	 Заказать только USB-ключ e-Token и/или лицензию КриптоПро в УЦ "FT-crypto" невозможно.	Editorial
Повторное получение ранее выданного сертификата 	"Удостоверяющий центр не сохраняет копии закрытых ключей. В случае утери контейнера с закрытым ключом необходимо заказывать новый сертификат. Обратите внимание, что лицензия КриптоПро встроена в сертификат и при заказе нового сертификата лицензию необходимо заказывать повторно (если она необходима)."	Editorial
Отказ от лицензии КриптоПро и ключевого носителя после того, как выставлены счета на оплату	 Для того, чтобы отказаться от лицензии КриптоПро и ключевого носителя, направьте письмо на адрес электронной почты uc@ft-crypto.ru с просьбой отклонить заявку. После отклонения внесите изменения (уберите галочки в чек-боксах) в заявке и снова ее подайте.	Editorial
Прекращение действия сертификата УЦ "FT-crypto" в связи с его утерей	 "Для блокирования сертификата направьте на адрес электронной почты [uc@ft-crypto.ru](mailto:uc@ft-crypto.ru) сканированную копию заполненного заявления на прекращение действия сертификата по форме УЦ. Форму заявления можно посмотреть на сайте УЦ "FT-crypto" [http://cryptoca.ru](http://cryptoca.ru/) в разделе "О нас", Приложение №5 к Регламенту УЦ "FT-crypto". По Вашей просьбе действие электронной подписи будет приостановлено до направления официального письма о необходимости ее разблокировки".	Editorial
Открытый и закрытый ключ сертификата  	 "Закрытый ключ – уникальная последовательность символов, которая хранится в тайне у владельца сертификата ключа подписи на ключевых носителях. Закрытый ключ является ключевой парой открытого ключа и работает только с ним в паре. Закрытый ключ гарантирует невозможность подделки документа и цифровой подписи владельца. Используется для подписания документа. Открытый ключ – соответствует закрытому ключу электронной цифровой подписи. Открытый ключ доступен любому пользователю информационной системы, но знание открытого ключа не дает возможности определить закрытый ключ. Открытый ключ используется для проверки подлинности подписанного документа".	Editorial
PIN-код контейнера 		Editorial
Общая информация о составе электронной подписи	В сертификате ключей подписи, выданном для работы на электронных торговых площадках, указывается перечень полномочий (ролей) ее владельца (например, администратор организации, уполномоченный специалист и т.д.) с предоставлением соответствующих полномочий при работе на электронных площадках. Наличие следующего состава областей применения ключа (OIDов) гарантирует владельцу сертификата ключа беспрепятственную работу на электронных торговых площадках:1.  Проверка подлинности клиента (OID 1.3.6.1.5.5.7.3.2)\n2.  Защищенная электронная почта (OID 1.3.6.1.5.5.7.3.4)\n3.  Использование на электронных площадках, отобранных для проведения аукционов в электронной форме (OID 1.2.643.6.3.1.1)\n4.  Области использования согласно заявлению клиента. Области использования согласно заявлению клиента:**Тип участника **(один вариант из списка):*   Юридическое лицо (OID 1.2.643.6.3.1.2.1); \n*   Физическое лицо (OID 1.2.643.6.3.1.2.2);\n*   Индивидуальный предприниматель (OID 1.2.643.6.3.1.2.3). **Тип организации**:*    Участник размещения заказа (OID 1.2.643.6.3.1.3.1) **Полномочия** (множественный выбор): *    администратор организации (OID 1.2.643.6.3.1.4.1) - лицо, которое имеет право добавления новых пользователей, изменения регистрационных данных;\n*    уполномоченный специалист (OID 1.2.643.6.3.1.4.2) - лицо, имеющее право на сайте подавать заявки, направлять запросы на разъяснение положений документации, подавать ценовые предложения;\n*    специалист с правом подписи контракта (OID 1.2.643.6.3.1.4.3) - лицо, имеющее право на подписание контракта. В сертификатах ключей подписи, выданных УЦ "FT-crypto", содержатся указанные выше сведения. Эту информацию можно посмотреть, открыв сертификат, на вкладке "Состав" в поле "Улучшенный ключ".	Editorial
Внесение изменений в информацию, указанную в сертификате	Внесение изменений в сведения, указанные в сертификате, после генерации и установки сертификата невозможно.	Editorial
Прекращение действия квалифицированного сертификата по заявлению его владельца	Прекращение действия квалифицированного сертификата может осуществляться по заявлению его владельца. С образцом заявления Вы можете ознакомиться в приложении №5 "Регламента Удостоверяющего центра ООО "Финтендер-крипто"" ([http://www.cryptoca.ru/ ](http://www.cryptoca.ru/%20%D0%9E)  раздел "О нас"/ "Регламент УЦ Финтендер-крипто"). Направьте оригинал заявления на следующий почтовый адрес: Россия, 656056, Алтайский край, г. Барнаул, ул. Максима Горького, д 29. Для ускорения рассмотрения заявления, сканированную копию данного заявления, Вы можете направить на адрес элетронной почты [uc@ft-crypto.ru](mailto:uc@ft-crypto.ru). Обработка заявления на прекращение действия сертификата осуществляется не позднее рабочего дня, следующего за рабочим днем, в течении которого указанное заявление было принято Удостоверяющим центром".	Editorial
Оплата счета на получение сертификата	"Если по результатам рассмотрения Специалистом УЦ заявка признается соответствующей требованиям, Специалист направляет пользователю счета на оплату, статус заявки меняется на "Ожидает оплаты". Каждый счет необходимо оплачивать отдельным платежным поручением. Для оплаты в счете указана дата (3 рабочих дня), при необходимости можно произвести оплату после истечения данного срока. Счет на оплату можно сформировать в Сервисе управления сертификатами. Для этого:После оплаты счета и поступления денежных средств на расчетный счет Удостоверяющего центра, заявка перейдет в статус "Получение заверенных копий документов".	Editorial
Предоставление бухгалтерских документов 	*   Бухгалтерские документы формируются в течение суток после генерации сертификата;\n*   Если закрывающие документы по заявке на сертификат не пришли, пользователь может направить запрос на предоставление документов на адрес электронной почты [uc@ft-crypto.ru](http://uc@ft-crypto.ru)."Бухгалтерские документы отправляются Почтой России на почтовые адреса пользователей, указанные в заявках на получение сертификатов, в середине и конце месяца. Срок доставки зависит от скорости работы почты (в зависимости от региона РФ, в котором расположена организация поставщика)."	Editorial
Реквизиты УЦ FT-crypto	"Реквизиты Удостоверяющего центра FT-crypto можно посмотреть на главной странице сайта FT-crypto (http://cryptoca.ru/) в разделе "О нас".**Реквизиты:***   Наименование: Общество с ограниченной ответственностью "Финтендер-крипто";\n*   ИНН: 2225129102, св. 22 № 003573046 от 26.03.12 г.;\n*   КПП: 222501001;\n*   ОГРН: 1122225003669, св 22 № 003571943 от 26.03.12;\n*   ОКПО: 38747115;\n*   ОКФС: 16;\n*   ОКОПФ: 65;\n*   ОКВЭД: 65.23;\n*   Банк: Филиал № 5440 ВТБ 24 (ПАО), р/счет 40702810510140006455, к/с 30101810450040000751, БИК: 045004751, ИНН 7710353606, КПП 540743001, ОКПО 20606880 в ГРКЦ ГУ ЦБ РФ по Новосибирской области; \n*   Адрес: 656056, Алтайский край, г. Барнаул, ул. Максима Горького, д 29;\n*   E-mail: [uc@ft-crypto.ru](http://ft-crypto.ru).	Editorial
Стоимость электронной подписи (УЦ "FT-crypto")	 С 19 декабря 2016 г. для всех клиентов стоимость электронной подписи составляет 5 700 руб. без НДС и без расширения области использования:*   Создание и выдача Квалифицированного сертификата электронной подписи - 3500 руб;\n*   Ключевой носитель eToken PRO (Java)72k - 1500 руб. ( с 15.12.2014 г.);\n*   Годовая лицензия на Крипто Про CSP - 700 руб;\n*   Расширение области использования для работы на B2B-Center - 2000.Стоимость экспертизы подлинности электронной подписи в электронном документе определяется по соглашению сторон в соответствии с отдельным договором. Информацию о тарифах Удостоверяющего центра можно посмотреть на сайте [http://cryptoca.ru](http://cryptoca.ru)  в разделе "Как купить".	Editorial
Оплата счета за другую организацию/ИП 	"Сторонняя организация / физическое лицо могут произвести оплату за организацию или ИП, указанных в заявках на сертификат. Для этого в платежном поручении в назначении платежа укажите за что, за кого (Наименование организации или ИП, ИНН) и по каким счетам производится оплата.Например: "Оплата за ООО "Ромашка" на создание и выдачу квалифицированного сертификата по счету 123С от 01.02.2014."	Editorial
Сроки зачисления денежных средств на получение сертификата в УЦ "FT-crypto" 	"Денежные средства зачисляются в срок до 3 банковских дней (в соответствии с Регламентом осуществления банковских операций).	Editorial
Дата в счете на оплату 	 "Счет на оплату формируется на дату отправки запроса на выпуск сертификата."	Editorial
Получение оригиналов счетов на оплату сертификата 	"Оригиналы счетов на оплату предоставляются вместе с закрывающими документами. Закрывающие документы (акты выполненных работ и товарные накладные) формируются после генерации и установки сертификата и отправляются пользователю на почтовый адрес 2 раза в месяц."	Editorial
Оплата счетов проведена одним платежным поручением 	 "Дождитесь поступления денежных средств на расчетный счет УЦ "FT-crypto", оплата должна зачислиться автоматически.Если заявка на сертификат перешла в статус "Частично оплачен", направьте письмо на адрес электронной почты uc@ft-crypto.ru с описанием ситуации. В письме укажите номера и даты счетов на оплату, дату оплаты счета и приложите сканированную копию платежного поручения."	Editorial
Дважды оплатили счета на получение сертификата 	"Для возврата ошибочно перечисленных денежных средств отправьте запрос на адрес электронной почты uc@ft-crypto.ru, прикрепив сканированное платёжное поручение."	Editorial
Оплата счета на получение сертификата бюджетной организацией 	Бюджетное учреждение оплачивает счета по получению реквизитов закрывающих документов, но закрывающие документы предоставляются после генерации и установки сертификата."Для получения реквизитов закрывающих документов бюджетным учреждением направьте письмо на адрес электронной почты uc@ft-crypto.ru с описанием ситуации. По получению данного обращения Ответственный специалист предоставит Вам ответ."	Editorial
Ошибка установки сертификата. Объект или свойство не найдено	Решением может быть один из предложенных вариантов (в зависимости от причины возникновения ошибки), наиболее распространенные представлены первыми:	Editorial
Ошибка построения цепочки сертификатов 	**Решение: **Установите корневые сертификаты. Корневые сертификаты УЦ "FT-crypto" можно скачать с сайта [http://cryptoca.ru](http://cryptoca.ru), из раздела " Помощь" - "Файлы", п.1 "Корневые сертификаты".*   Для сертфиикатов, в которых издатель OTC Crypto, необходимо скачивать Корневые сертификаты OTC crypto и устанавливать в доверенные корневые сертфификаты;\n*   Для сертфиикатов, в которых издатель FT Crypto, необходимо скачивать Корневые сертификаты FT crypto и устанавливать в соответствии с инструкцией из раздела помощь/ инструкции "Установка корневых сертификатов FT Crypto".	Editorial
Не изменился статус заявки на получение сертификата	**Решение: ** Если статус заявки на сертификат на одном из этапов (Ожидает оплаты, Частично оплачен, Предоставление заверенных копий документов, Ожидает ответа УЦ ) не меняется после совершенных действий:1.  Если клиент предоставил документы в точку выдачи, а статус не изменился свяжитесь с Кирилловой Анастасией тел. +7 (499) 702-47-14 доб 28615, 28702 и передайте обращение клиента (с 10-00 по 18-00 МСК);\n2.  Если статус заявки на сертификат частично оплачен, а Участник оплатил полностью, попросите клиента направить копии платежных поручений на uc@ft-crypto.ru ;\n3.  Если статус "Ожидает ответ УЦ" держится больше 10 минут, либо Анастасии нет на месте поставьте задачу в Мегаплане по шаблону "Не изменился статус заявки на получение сертификата". В задаче укажите ИНН, название организации, номер заявки.	Editorial
Закрытый ключ не соответствует открытому ключу в сертификате 	**Причина: **Выбран не тот контейнер закрытого ключа, который необходим.**Решение: **При** **установке сертификата** **поставьте галку "Найти контейнер автоматически".	Editorial
КриптоПро требует лицензию при работе с сертификатом УЦ "FT-crypto" со встроенной лицензией	**Причина: **Данная ошибка возникает в том случае, если генерация сертификата происходила через КриптоПро версии ниже 3.6 R3 и сервис не смог записать сертификат в контейнер.**Решение:** 1.  Увеличьте размер резервируемой памяти под контейнер, добавив в реестр информацию из одного из файлов (в зависимости от разрядности операционной системы клиента/ Путь к файлу: Z:\Методические и справочные материалы\6. Инструкции\9. УЦ FT-crypto):*   Для Сертификатов REG-файл x 32.reg;\n*   Для Сертификатов REG-файл x 64.reg.1.  Скопируйте существующий контейнер с закрытым ключом в новый (см. статью "[Копирование электронной подписи](http://vtiger.sibir.rts-tender/index.php?module=Faq&view=Detail&record=7435)");\n2.  Переустановите личный сертификат, выбрав новый контейнер.В случае если ошибка сохраняется после выполнения вышеперечисленных действий, проверьте серийный номер КриптоПро. Если его нет, или он заполнен частично, рекомендуйте переустанить программу КриптоПро с очисткой реестра компонентов.	Editorial
Не удалось импортировать сертификат 	**Решение:** В данном окне пользователю необходимо нажать кнопку "Cancel".	Editorial
Ошибка генерации ключевой пары при помощи CryptoPRO. Надстройка для работы с сертификатами недоступна	**Решение: **Проверьте, какая операционная система установлена на ПК.Если Windows Vista, необходимо использовать другую.Если операционная система Windows 7/XP:1.  Проверьте, чтобы на компьютере Пользователя была установлена именно программа КриптоПро CSP;\n2.  Проверьте, чтобы компьютере Пользователя наличие программы КриптоПро ФКН CSP. Если она имеется, удалите ее;\n3.  Повторите попытку генерации ключа под правами администратора;\n4.  Запустите программу настройки для корректной работы площадки (скачать: Центр поддержки пользователей / База знаний / Участникам / Начало работы / п. 4 статьи "Настройка компьютера");\n5.  Скачайте и установите КриптоПро CADESCOM;\n6.  После установки КриптоПро CADESCOM при необходимости разрешите использование данного плагина в браузере (всплывающее окно с разрешением на использование данного плагина появляется в нижней части браузера);\n7.  Данная ошибка может возникать при попытке генерации сертфииката на носитель, на котором недостаточно места для записи.	Editorial
Истек/не наступил срок действия требуемого сертификата при проверке по системным часам или по отметке времени в подписанном файле 	**Причина:** На компьютере Пользователя не установлено автоматическое обновление Windows, исправляющее часовые пояса, измененные с 26 октября 2014.**Решение:***   Установите автоматическое обновление Windows;\n*   Подождите 1-2 часа, по истечении данного времени повторите попытку установки сертификата (в случае если нет возможности установить обновление операционной системы).	Editorial
Отсутствует заявка на перевыпуск сертификата в личном кабинете Участника 	**Решение:** Уточните срок действия "старого" сертификата. В случае если во время перевыпуска сертификата, старый сертификат закончился, сертификат нужно заказывать заново. Исключение составляет случай, когда заявка в статусе "принята". Пользователю необходимо оформить заявку на получение новой ЭП.	Editorial
Алгоритм не верный	**Причина: **На ПК Пользователя установлены несовместимые версии КриптоПро и ОС.Для проверки версии КриптоПро:1.  Откройте программу КриптоПро (Пуск / Все программы / КриптоПро / КриптоПро CSP);\n2.  Перейдите на вкладку "Общее" и просмотрите сведения, указанные в строке "Версия продукта".**Решение: **Если на ПК пользователя установлена ОС Windows 8, 8.1, 10, а версия КриптоПро - 3.6, обновите версию Крипто Про до 4.0. При этом удаление старой версии не требуется.	Editorial
Носитель отсутствует 	**Причина: **Причиной может быть любой из предложенных вариантов (наиболее распространенные указаны первыми):*   Пользователь пытается установить сертификат через другой криптопровайдер (не КриптоПро);\n*   Информация о носителе не считывается программой eToken PKI Client.**Решение: ***   Удалите установленный криптопровайдер и скачайте программу КриптоПро CSP с сайта КриптоПро;\n*   Удалите программу eToken PKI Client, переустановите ее (скачать: сайт УЦ "FT-crypto" ([cryptoca.ru](http://cryptoca.ru/)) / Помощь / Файлы / Драйвер ключевого носителя). После установки перезагрузите компьютер.	Editorial
У вас нет прав для просмотра этой заявки		Editorial
Не поступает ссылка на адрес электронной почты при выполнении действий 	**Решение: ** 1.  Проверить спам-лист и настройки почтового сервера (почтовый сервер блокирует поступление писем);\n2.  Проверить в заявке правильность заполнения адреса электронной почты.	Editorial
Ошибки, возникающие при работе на площадках с сертификатом УЦ "FT-crypto"		Editorial
Ошибка "В контейнере закрытого ключа отсутствует сертификат открытого ключа шифрования"		Editorial
Неверный пин-код	**Причина: **Не** **установлен корневой сертификат УЦ "FT-crypto"  и драйвер ключевого носителя.**Решением может быть любой из предложенных вариантов (наиболее распространенные представлены первыми): ***   Установите корневой** **сертификат с сайта УЦ "FT-crypto"  ( [http://cryptoca.ru](http://cryptoca.ru/) ): раздел "Помощь" - "Файлы" - п. 1 Сертификаты УЦ;\n*   Установите драйвер ключевого носителя: сайт УЦ "FT-crypto" - раздел "Помощь" - "Файлы" - Драйвер ключевого носителя (32-64 bit в зависимости от разрядности ОС);\n*   Если ключевой носитель выдан УЦ "FT-crypto", по согласованию с Участником смените пин-код контейнера через eToken PKI на стандартный: 1234567890 (см. статью "<span style="color:#000000;font-family:calibri, arial, helvetica, sans-serif;font-size:14px;">[Разблокировка eToken, введение нового пароля](http://vtiger.sibir.rts-tender/index.php?module=Faq&view=Detail&record=4509)"</span>). После смены пароля выполните генерацию сертификата.	Editorial
КриптоПро не видит контейнер закрытого ключа при установке сертификата на другой компьютер	**Причина 1: **При установке сертификат был сгенерирован в реестр или на другой носитель.**Решение: **1.  Если сертификат был сгенерирован на другой носитель, необходимо вставить его и выполнить установку личного сертификата;\n2.  Если сертификат был сгенерирован в реестр, пользователю необходимо скопировать контейнер закрытого ключа на любой носитель (см. статью "[Копирование электронной подписи](http://vtiger.sibir.rts-tender/index.php?module=Faq&view=Detail&record=7435)") и выполнить установку личного сертификата на другой компьютер.  **Причина 2: **Носитель поврежден или заблокирован USB-порт на компьтере пользователя.**Решение: **1.  Если носитель отображается, см. Причину 1;\n2.  Если носитель не отображается, пользователю необходимо обратиться к системному администротору для проверки блокировки USB-портов. Если USB-порты не заблокированы, рекомендовать Пользоватею обратиться в Удостоверяющий центр для получения нового сертификата в связи с тем, что носитель испорчен.	Editorial
При проверке отношений доверия возникла ошибка	**Причина: **На ПК Пользователя не установлен корневой сертификат Удостоверяющего центра.**Решение:** Установите корневой сртификат Удостоверяющего центра (см. статью "[Установка корневого сертификата УЦ "FT-crypto"](http://vtiger.sibir.rts-tender/index.php?module=Faq&view=Detail&record=3152)").	Editorial
Файл не найден	**Причина: ***   Не установлено дополнительное программное обеспечение eToken PKI Client:\n*   Крипто Про версия КС2, не настроена функция датчика случайных чисел;\n*   На носителе недостаточно места для записи контейнера закрытого ключа;**Решение: ***   Установить eToken PKI Client с сайта УЦ "FT-crypto". Для этого:1.  Зайдите на сайт УЦ "FT-crypto" ([http://cryptoca.ru/](http://cryptoca.ru/));\n2.  Перейдите в раздел "Помощь", далее "Файлы"; \n3.  Скачайте драйвер ключевого носителя в соответствии с разрядностью системы (п. 2 или п. 3).*   Для настройки функции датчика случайных чисел Крипто Про:1.  Запустите Крипто Про от имени Администратора;\n2.  Перейдите во вкладку "Оборудование";\n3.  Нажмите кнопку "Настроить ДСЧ";\n4.  Если в списке отсутствует "Биологический ДСЧ" нажмите кнопку "Добавить", далее следуйте инструкциям в диалоговом окне.*   Вставьте другой носитель, на котором есть свободное место для записи контейнера.Если выполнение вышеперечисленных действий не помогло, просмотрите через программное обеспечение eToken PKI Client количество оставшихся попыток ввода пин-кода. Если количество уменьшается при сохраняющейся ошибке, рекомендуйте Пользователю обратиться в Удостоверяющий центр, в котором был получен носитель. 	Editorial
ПО неправильно установлено или искажено 	**Причина: **На компьютере пользователя установлена программа КриптоПро ФКН CSP. **Решение: **1.  Удалите данную версию КриптоПро;\n2.  Запустите утилиту очистки реестра от компонентов КриптоПро;\n3.  Скачайте и установите с сайта КриптоПро версию КриптоПро CSP 3.6 (для Windows 8, 8.1, 10 версия должна быть не ниже 4.0).	Editorial
Минимум один обязательный документ каждого типа должен быть активен 	**Причина: **Ошибка возникает при отправке заявки на выпуск сертификата и связана с тем, что не все документы прикреплены в разделе "Документы заявителя".**Решение: **Перейдите во вкладку, подсвеченную красным, и с помощью кнопки "Добавить" прикрепите файл документа. Если документ отображается как прикрепленный, а при отправке заявки ошибка сохраняется, файлы документов прикрепляются с сетевого диска компьютера Пользователя. В данном случае отображается только название документа, а раздел системой определяется как незаполненный. Измените местоположение документов.	Editorial
К сожалению, Ваш браузер не поддерживается 		Editorial
Отсутствует шапка в заявлениях, формируемых на втором шаге 	**Причина: **На компьютере пользователя установлена ОС MacOS.**Решение: **Рекомендуйте Пользователю скачать заявления на другом компьютере, с другой операционной системой.	Editorial
Нет возможности прописать полностью ИНН 	**Причина:** Пользователь неверно указал тип организации. Вместо "ИП" установил радиокнопку в поле "ЮЛ".**Решение:** В форме заявки на первичный выпуск сертификата измените радиокнопку на "ИП".	Editorial
Вставьте ключевой носитель при установке сертификата 	**Решение: **Поставьте задачу по шаблону "Нетиповая задача" УЦ "FT-crypto". В задаче необходимо указать наименование, ИНН и контактные данные Пользователя, а также подробно описать сложившуюся ситуацию и полным описанием возникающей ошибки.	Editorial
Не удается подтвердить подлинность сертификата 	1.  Уточните у Пользователя при выполнении каких действий и на какой электронной площадке возникает ошибка (при возможности предоставьте скриншот);\n2.  Уточните контактные данные Пользователя;\n3.  Поставьте задачу в системе Мегаплан по шаблону "Нетиповая задача УЦ "FT-crypto"".	Editorial
При нажатии кнопки "Отправить запрос на сертификат" ничего не происходит	**Решение:**1.  Почистите куки и кэш файлы (см. статью "[Очистка куки-файлов и SSL-кэш на компьютере пользователя](http://vtiger.sibir.rts-tender/index.php?module=Faq&view=Detail&record=6649)");\n2.  Проверьте включен ли режим совместимости в браузере, если включен - отключите.(см.ст. "[К сожалению, Ваш браузер не поддерживается/включен режим совместимости](http://vtiger.sibir.rts-tender/index.php?module=Faq&view=Detail&record=1185733)").                                                               	Editorial
Отсутствует кнопка "Изменить" в отклоненной заявке на выпуск сертификата 	**Причина: **Пользователь переходит не по ссылке из уведомления об отклонении, а по сохраненной у него ссылке на заявку.**Решение:** Перейти по ссылке из уведомления об отклонении заявки на выпуск сертификата.                                                               	Editorial
Ошибка при скачивании заявлений в форме заявки 	 "Для исправления ошибки скачайте исправление  на сайте [http://cryptoca.ru/](http://cryptoca.ru/) в разделе "Помощь"/"Файлы" (или по ссылке [http://cryptoca.ru/files/ie8.zip](http://cryptoca.ru/files/ie8.zip)).  Архив скачайте на компьютер и распакуйте в любую папку. Двойным кликом откройте ie8.reg. На предложение системы добавить информацию в реестр,кликните на значение "Да". После установки закройте все вкладки браузера и откройте заявку заново. Заявления станут доступны для скачивания".	Editorial
Набор ключей не существует 	**Причина: **Ошибка связана с невозможностью записать сертификат на носитель, что связано с его некорректной работой.**Решение:** Сгенерируйте ключ на любой другой носитель.	Editorial
Подпись повреждена или недоступна 	**Решение: **Сохраните установочный файл драйвера ключевого носителя на локальный диск компьютера Пользователя и выполните установку.	Editorial
Internet Explorer не может отобразить эту веб-страницу при входе в сервис управления сертификатами 	**Решение:**1.  Запустите программу настройки для корректной работы площадки (скачать: Центр поддержки пользователей / База знаний Участникам / Что необходимо новому Участнику / п. 3 статьи "Настройка компьютера для работы на площадке"); \n2.  Добавьте страницу в надежные узлы; \n3.  Проверьте, установлена ли на компьютере программа КриптоПро CSP. Если не установлена, установите; \n4.  Проверьте наличие антивирусной программы. Если установлен "Kaspersky Internet Security", отключите проверку защищенных соединений. Для этого откройте окно программы "Kaspersky Internet Security", перейдите в раздел "Утилиты" - "Монитор соединений", в первой закладке переключите блокировку на значок с красным крестиком; \n5.  Очистите кэш и куки-файлы; \n6.  Удалите утилиту КриптоПро CADESCOM с компьютера ("Пуск" - "Панель управления" - "Программы и компоненты" / "Установка удаление программ" - найдите и выделите в списке КриптоПро CADESCOM - нажмите "Удалить"). Скачайте и установите с сайта Крипто Про актуальную версию утилиты, в зависимости от разрядности оперционной системы (главная страница сайта - меню "Загрузка" - КриптоПро CADESCOM); \n7.  Перезагрузите компьютер.	Editorial
На вашем компьютере установлена версия Крипто-про ниже R3..	**Причина:** На компьютере Пользователя не установлена/установлена неподходящая версия криптопровайдера КриптоПро CSP.**Решение:** Рекомендуйте Пользователю установить/переустановить программу КриптоПро CSP (см.ст. "[Установка Крипто Про CSP](http://vtiger.sibir.rts-tender/index.php?module=Faq&view=Detail&record=5658)").	Editorial
Введен неверный Guid 	**Причина:** Заявка на получение сертификата была удалена пользователем.                                                             	Editorial
Не удается построить цепочку сертификатов для доверенного корневого центра 	**Причина: **Не установлен корневой сертификат Удостоверяющего центра.**Решение: **Переустановите корневой сертификат Удостоверяющего центра.	Editorial
Недостаточно места на носителе. Вставьте другой ключевой носитель	**Решение:** Вставьте и сгенерируйте сертификат на другой ключевой носитель.	Editorial
Не прикрепляются файлы		Editorial
Заявка недоступна для загрузки документов	**Причина: ***   Кэширование страницы в браузере;\n*   Переход в заявку был осуществлен по некорректной ссылке.**Решение: **1.  Очистите Cookie-файлы и SSL-кэш на компьютере Пользователя;\n2.  Осуществите переход в сервис управления сертификатами по корректной ссылке (см.ст. "[Вход в Сервис управления сертификатами](http://vtiger.sibir.rts-tender/index.php?module=Faq&view=Detail&record=4617)")	Editorial
В тексте имени содержится не разрешенный символ	**Причина:** Некорректно введены сведения о пользователе (например, имя прописано на английской раскладке).**Решение: **Проверьте введенные данные.	Editorial
Разблокировка eToken. Введение нового пароля 	**Ответ Оператора: "**Для разблокирования  eToken:1.  Проверьте установлен ли на ПК eToken PKI Client: Если установлен, то в правом нижнем углу экрана ПК (в трее) отразится значок программы eToken. Если не установлен, то скачайте  eToken PKI Client с сайта УЦ "FT-crypto" [http://cryptoca.ru/  ](http://cryptoca.ru/) (Раздел "Помощь" - "Файлы" - Драйвер ключевого носителя eToken PKI Client);\n2.  Войдите в режим настройки (нажмите значок "Шестеренка" в правом углу);\n3.  Выберите носитель (eToken OTC);\n4.  Убедитесь, что проблема с eToken вызвана многократным неправильным вводом pin-кода. Количество попыток указано в поле "Попыток пароля пользователя - Осталось" (количество попыток должно быть равным 0);\n5.  Войдите с правами администратора, нажав на вход (с правой стороны, четвертый значок с зеленой стрелкой);\n6.  В появившемся окне "Вход: eToken OTC" введите pin-код администратора. Для eToken УЦ "FT-crypto" pin-код: 0987654321;\n7.  Нажмите кнопку "Установить пароль пользователя" (справа первый значок). В появившемся окне установите пароль пользователя. По умолчанию: 1234567890;\n8.  После ввода пароля появится подтверждение об успешной смене пароля.	Editorial
Подписание документов в формате docx ЭП, полученной в УЦ "FT-crypto"	 "Подписание документов в формате .docx электронной подписью, полученной в УЦ "FT-crypto" возможно. Для этого требуются дополнительные надстройки и программы (например КриптоАРМ, КриптоПро Office Signature). Дистрибутивы и инструкции по их использованию представлены на официальном сайте Крипто Про. По вопросам, связанным с этими продуктами обращаться необходимо в поддержку сайта Крипто Про."	Editorial
Проверка подлинности сертификата, полученного в УЦ "FT-crypto"	**Проверка подлинности электронной подписи:**1.  Перейдите на сайт Госуслуги ([http://www.gosuslugi.ru/pgu/eds](http://www.gosuslugi.ru/pgu/eds));\n2.  В разделе "Выберите сертификат для проверки" нажмите кнопку "Загрузить файл";\n3.  Выберите открытый ключ сертификата (файл с разрешением .cer);\n4.  Введите символы с картинки и нажмите кнопку "Проверить".Если сертификат является подлинным, появится уведомление о том, что подлинность сертификата подтверждена.	Editorial
Установка личного сертификата с RuToken, eToken 	**Ответ Оператора:  **Для установки** **личного сертификата с ключевого носителя RuToken, E-Token:1.  Откройте программу КриптоПро ("Пуск" / "Все программы" / КриптоПро CSP);\n2.  Перейдите на вкладку "Сервис" и нажмите кнопку “Просмотреть сертификаты в контейнере”;\n3.  С помощью кнопки "Обзор" выберите контейнер закрытого ключа и нажмите кнопку "Ок";\n4.  Нажмите кнопку "Далее";\n5.  Нажмите кнопку "Установить сертификат", "Далее";\n6.  Поставьте точку в разделе "Поместить все сертификаты в следующее хранилище";\n7.  Нажмите кнопку "Обзор", выберите папку "Личные" и нажмите "Ок";\n8.  Нажмите "Далее", затем "Готово".	Editorial
Установка личного сертификата с флэш-карты 	Для установки личного сертификата с флэш-карты:1.  Вставьте в компьютер ключевой носитель подписи (флэш-карту);\n2.  Откройте программу КриптоПро CSP (Пуск / Все программы / папка КриптоПро / КриптоПро CSP);\n3.  В окне программы выберите вкладку "Сервис" и нажмите кнопку "Установить личный сертификат";\n4.  Через кнопку "Обзор" выберите открытый ключ сертификата (файл с расширением .сer);\n5.  В окне выбора ключевого контейнера нажмите "Обзор" и в списке контейнеров выберите контейнер, соответствующий устанавливаемому сертификату;\n6.  В дополнительном окне нажмите "Ок";\n7.  Через кнопку "Обзор" в поле "Имя хранилища сертификата" выберите "Личные";\n8.  В итоговом окне нажмите кнопку "Готово".	Editorial
Установка электронной подписи на другой компьютер	"Электронная подпись, выданная УЦ "FT-crypto", не привязана к компьютеру пользователя и может использоваться на других.Для установки электронной подписи на другой компьтер:1.  Скачайте и установите программу КриптоПро CSP (версия КриптоПро должна быть не ниже 3.6, для ОС Windows 8, 8.1, 10 версия должна быть не ниже 4.0);\n2.  Установите драйвер ключевого носителя (главная страница УЦ "FT-crypto" (http://cryptoca.ru/) / Помощь / Файлы / Драйвер ключевого носителя);\n3.  Установите корневой сертификат УЦ "FT-crypto" (главная страница сайта FT-crypto (http://cryptoca.ru/) / О нас / Сертификаты УЦ);\n4.  После установки необходимых программ установите личный сертификат электронной подписи через КриптоПро (см. статью "[Установка личного сертификата с RuToken, eToken](http://vtiger.sibir.rts-tender/index.php?module=Faq&view=Detail&record=5639)").	Editorial
Смена пин-кода контейнера 	 "Для смены стандартного pin-кода контейнера выполните следующие действия:1.  Проверьте установлен ли на ПК eToken PKI Client: Если установлен, то в правом нижнем углу экрана ПК (в трее) отразится значок программы eToken. Если не установлен, то скачайте  eToken PKI Client с сайта УЦ "FT-crypto" [http://cryptoca.ru/  ](http://cryptoca.ru/) (Раздел "Помощь" - "Файлы" - Драйвер ключевого носителя eToken PKI Client);\n2.  Войдите в режим настройки (нажмите значок "Шестеренка" в правом углу);\n3.  Выберите носитель (eToken OTC);\n4.  Нажмите кнопку "Изменить пароль" (слева четвертый значок). В появившемся окне введите текущий пароль. По умолчанию: 1234567890. В поле "Новый пароль для  eToken" введите новый пароль и подтверждение;\n5.  Нажмите кнопку "Ок". После ввода пароля появится подтверждение об успешной смене пароля.	Editorial
Копирование электронной подписи 	Для того чтобы скопировать электронную подпись:1.  Запустите программу КриптоПро (Пуск / Все программы / КриптоПро / КриптоПро CSP);\n2.  Перейдите на вкладку "Сервис" и нажмите кнопку "Скопировать";\n3.  Через кнопку "Обзор" укажите путь к необходимому сертификату (ключевому контейнеру закрытого ключа) и нажмите кнопку "Далее";\n4.  Укажите имя создаваемого контейнера (рекомендуется указывать имя контейнера латинскими буквами) и нажмите кнопку "Готово";\n5.  В списке устройств выберите "Реестр"/"Дисковод"/"Ключевой носитель" и нажмите кнопку "Ок". Контейнер закрытого ключа будет скопирован;\n6.  Для установки личного сертификата перейдите на вкладку "Сервис";\n7.  Нажмите кнопку "Просмотреть сертификаты в контейнере";\n8.  Из списка контейнеров закрытого ключа выберите скопированный в реестр и нажмите кнопку "Далее";\n9.  Нажмите кнопку "Установить", далее "Ок", "Готово".	Editorial
Экспорт сертификата электронной подписи 	"Для того, чтобы выполнить экспорт открытого ключа:1.  Войдите в браузере во вкладку "Сервис" - "Свойства обозревателя"/ "Свойства обозревателя";\n2.  Перейдите во вкладку "Содержание", далее кнопка "Сертификаты";\n3.  В открывшемся списке выделите сертификат, который необходимо экспортировать и нажать кнопку "Экспорт";\n4.  В окне Мастера экспорта сертификатов нажмите "Далее";\n5.  Выберите "Нет, не экспортировать закрытый ключ", нажимаем "Далее";\n6.  Формат экспортируемого файла необходимо оставить по умолчанию, затем нажмите кнопку "Далее";\n7.  Имя файла введите вручную, нажмите "Далее", "Готово";\n8.  Сертификат экспортируется на рабочий стол компьютера."	Editorial
Генерация и установка сертификата	"Для отправки запроса на сертификат:1.  Войдите в Сервис управления сертификатами (см. статью "[Вход в Сервис управления сертификатами](http://vtiger.sibir.rts-tender/index.php?module=Faq&view=Detail&record=4617)");\n2.  Откройте сведения о заявке и в верхней части формы нажмите кнопку "Отправить запрос на сертификат", после нажатия на которую появится подробная инструкция по генерации сертификата;\n3.  На первом этапе Система выдаст диалоговое окно с запросом на разрешение работы с хранилищем сертификатов, в диалоговом окне нажмите кнопку "Да";\n4.  В открывшемся окне КриптоПро выберите носитель для хранения контейнера закрытого ключа (eToken, реестр, флешка, другой носитель), затем нажмите кнопку "Ок";\n5.  Наведите курсор мыши на открывшийся Биологический датчик случайных чисел, двигайте курсором мыши в пределах окна датчика или нажимайте клавиши на клавиатуре, пока индикатор полностью не загрузится;\n6.  Далее введите пин-код для контейнера и нажмите кнопку "ОК" (пароль для eToken, выданного УЦ "FT-crypto" - 1234567890). Запрос будет отправлен;\n7.  После того, как запрос будет обработан, заявка перейдет в статус "Отправка бухгалтерских документов" и в форме заявки появится кнопка "Ознакомиться с содержанием сертификата";\n8.  Нажмите кнопку "Ознакомиться с содержанием сертификата" и в открывшемся дополнительном окне проставьте галочки в чек-боксы и нажмите кнопку "Ознакомлен";\n9.  В форме заявки нажмите кнопку "Установить сертификат" и следуйте подсказкам системы. После выполнения всех дейсвий сертификат будет установлен.	Editorial
Генерация закрытого ключа на имеющийся носитель у клиента	"Другой контейнер закрытого ключа можно добавить на старый носитель при генерации сертификата (выбрав носитель из списка) или через программу КриптоПро. Для копирования закрытого ключа, установленного в реестр или на другой носитель:1.  Запустите программу КриптоПро (Пуск / Все программы / папка КриптоПро / КриптоПро CSP);\n2.  Перейдите во вкладку "Сервис" и нажмите кнопку "Скопировать";\n3.  Выберите контейнер, который необходимо скопировать, с помощью кнопки "Обзор";\n4.  Нажмите кнопку "Далее" (возможно потребуется ввод PIN-кода);\n5.  Введите название нового контейнера, нажмите кнопку "Готово" и выберите носитель, на который копируете;\n6.  При необходимости задайте PIN-код для нового контейнера. При копировании в реестр или на Flash PIN-код придумывается самостоятельно, при копировании на токен указывается PIN-код, установленный на токене;\n7.  После копирования контейнера переустановите личный сертификат, для привязки его к новому носителю."	Editorial
Объем свободного места на носителе для записи сертификата	"Для записи контейнера с сертификатом на носитель достаточно 4-10 кб свободного места на носителе. Количество контейнеров, допустимых для записи на носитель Вы можете подсчитать самостоятельно, в зависимости от типа носителя. Если запись производится на E-token или Ru-token, объем памяти, доступной для записи и количество допустимых для записи сертификатов Вы можете уточнить у производителя продукта".	Editorial
Документы для прикрепления в заявку на  сертификат	 "В заявку на выпуск сертификата необходимо приложить сканированные копии следующих документов:**Для юридического лица:  ***   Устав;\n*   Свидетельства ИНН и ОГРН;\n*   Выписка из ЕГРЮЛ, полученная не ранее чем за 30 дней до даты подачи заявки на выпуск сертификата (возможно предоставление выписки в электронном виде с электронной подписью ФНС);\n*   Документ, подтверждающий полномочия руководителя;\n*   Паспорт владельца сертификата (2-3 и 4-5 страницы, если в паспорте много штампов о прописке, можно предоставить только последнюю страницу с актуальной пропиской);\n*   СНИЛС;\n*   Заявление на изготовление сертификата (формируется на втором шаге на основании данных, указанных в заявке);\n*   Заявление о присоединении к Регламенту УЦ (формируется на втором шаге на основании данных, указанных в заявке);\n*   Заявление о присоединении к Сублицензионному договору (если была заказана лицензия КриптоПро, формируется на втором шаге на основании данных, указанных в заявке);\n*   Доверенность на владельца сертификата ЭП по форме Удостоверяющего центра (если сертификат изготавливается не на руководителя, формируется на втором шаге на основании данных, указанных в заявке. Срок действия доверенности должен быть не менее срока действия сертификата (1 год), рекомендуется указывать срок действия 1,5 года);\n*   Доверенность на получение eToken (если сертификат изготавливается не на руководителя, формируется на втором шаге на основании данных, указанных в заявке).**Для Индивидуального предпринимателя:***   Свидетельства ИНН и ОГРНИП;\n*   Выписка из ЕГРИП, полученная не ранее чем за 30 дней до даты подачи заявки на выпуск сертификата;\n*   Паспорт владельца сертификата (2-3 и 4-5 страницы, если в паспорте много штампов о прописке, можно предоставить только последнюю страницу с актуальной пропиской);\n*   СНИЛС;\n*   Заявление на изготовление сертификата (формируется на втором шаге на основании данных, указанных в заявке);\n*   Заявление о присоединении к Регламенту УЦ (формируется на втором шаге на основании данных, указанных в заявке);\n*   Заявление о присоединении к сублицензионному договору (если была заказана лицензия КриптоПро, формируется на втором шаге на основании данных, указанных в заявке);\n*   Доверенность на получение eToken (если сертификат изготавливается не на руководителя, формируется на втором шаге на основании данных, указанных в заявке). **Для физического лица:***   Паспорт владельца сертификата (2-3 и 4-5 страницы, если в паспорте много штампов о прописке, можно предоставить только последнюю страницу с актуальной пропиской);\n*   СНИЛС;\n*   Заявление на изготовление сертификата (формируется на втором шаге на основании данных, указанных в заявке);\n*   Заявление о присоединении к Регламенту УЦ (формируется на втором шаге на основании данных, указанных в заявке);\n*   Заявление о присоединении к сублицензионному договору (если была заказана лицензия КриптоПро, формируется на втором шаге на основании данных, указанных в заявке).	Editorial
Отсутствует расчетный счет в банковских реквизитах 	"При заполнении заявки на изготовление сертификата, необходимо заполнить поле расчётный счет в банковских реквизитах. Если у банка есть только корреспондентский счет, то в поле "Расчётный счет" необходимо ввести 20 символов (например, все нули)."	Editorial
Заполнение поля "ОГРН" для иностранных организаций 	"Подать заявку на выпуск сертификата иностранная организация может только при наличии представительства, зарегистрированного на территории РФ. При заполнении формы заявки иностранной организацией в поле "ОГРН" необходимо прописать 13 нулей."	Editorial
Отсутствует заявление о присоединении к регламенту удостоверяющего центра 	При оформлении заявки на выпуск сертификата (первичный, перевыпуск) отсутствует заявление о присоединении к Регламенту Удостоверяющего центра.**Решение: **Заявление о присоединении к Регламенту Удостоверяющего центра может отсутствовать если:*   Пользователь подает заявку на перевыпуск сертификата;\n*   Пользователь подает заявку на первичный выпуск сертификата из Личного кабинета, при этом ранее данной организацией была подана заявка на выпуск сертификата, которая уже оплачена и сертификат сгенерирован.При этом предоставлять данный документ в Центр выдачи не требуется.	Editorial
Выбор полномочий при оформлении заявки на сертификат 	"При заполнении заявки на выпуск сертификата необходимо выбрать все полномочия, указанные в в поле "Выбор полномочий", а именно:*   **Администратор организации** - позволяет добавлять новых пользователей, менять регистрационные данные организации;\n*   **Уполномоченный специалист** - позволяет подавать заявки на участие, направлять запросы на разъяснения, подавать ценовые предложения;\n*   **Специалист с правом подписи контракта** - позволяет подписывать контракт.Наличие всех ролей гарантирует Вам беспрепятственную работу на электронных площадках."	Editorial
Ссылка на 94-ФЗ в заявке на сертификат 	"Отбор площадок для работы в рамках госзаказа проводился по 94-ФЗ, в одном из регламентов которого были определены правила выдачи электронной подписи. По 44-ФЗ отбор не производился, соответсвенно изменения в регламент не были внесены, поэтому в форме заявки на сертификат в поле "Тип сертификата" отображается 94-ФЗ."	Editorial
Не редактируются поля "Фамилия", "Имя", "Отчество" 	**Решение: **В случае если при внесении изменений в отклоненную заявку на выпуск сертификата не редактируются поля "Фамилия", "Имя", "Отчество", рекомендуйте пользователю создать новую заявку на сертификат и указать корректные данные.	Editorial
Заполнение заявки на получение нового сертификата	При** **заполнении заявки на сертификат:1.  Укажите сведения о компании и пользователе;\n2.  Выберите полномочия в разделе "Выбор полномочий". Для выбора полномочий необходимо поставить галочку в соответствующий чек-бокс (см. статью "[Выбор полномочий при оформлении заявки на сертификат](http://vtiger.sibir.rts-tender/index.php?module=Faq&view=Detail&record=5655)");\n3.  Заполните раздел "Заказать дополнительно". Если требуется получить ключевой носитель или лицензию Крипто Про, установите галочку в соответствующий чек-бокс. Так же можно заказать дополнительное расширение области использования сертификата - "Возможность работы на площадках группы B2B" (стоимость данного расширения - 2000 руб);\n4.  Прикрепите документы, подтверждающие сведения, вносимые в сертификат (см. статью "[Документы для прикрепления в заявку на  сертификат](http://vtiger.sibir.rts-tender/index.php?module=Faq&view=Detail&record=3346)");\n5.  Выберите из списка точку выдачи для предоставления документов и получения ЭП;\n6.  Установите галочки в двух чек-боксах и нажмите кнопку "Перейти к оформлению" (кнопка становится активной после заполнения всех обязательных полей в заявке). Откроется страница "Оформление документов на изготовление сертификатов";\n7.  В разделе "Шаг 1…" скачайте образцы документов:*   Заявление на изготовление сертификата;\n*   Заявление на присоединение к Регламенту Удостоверяющего центра;\n*   Заявление на присоединение к сублицензионному договору (если была заказана лицензия КриптоПро);\n*   Доверенность на получение токена (если пользователь, на которого выпускается электронная подпись действует по доверенности).1.  Распечатайте документы, заверьте подписью руководителя и печатью организации, и прикрепите отсканированные копии данных документов в соответствующие вкладки;\n2.  После заполнения всех разделов и прикрепления документов нажмите кнопку "Отправить".Заявка перейдет в статус "Отправлена в обработку" и будет отправлена на проверку Оператору Удостоверяющего центра.	Editorial
Заполнение заявки на перевыпуск сертификата	<div>"После открытия формы заявки на перевыпуск сертификата, заполните следующие разделы:</div><div>\n\n\n1.  После выбора электронной подписи автоматически заполнятся данными следующие поля:\n\n*   Фамилия, имя, отчество пользователя;\n*   Адрес электронной почты;\n*   Должность пользователя;\n*   ИНН, ОГРН, КПП и наименование организации.\n\n1.  Документы, прикрепленные в Личном кабинете Участника, автоматически подгружаются в соответствующие разделы. Необходимо проверить данные документы на актуальность.\n2.  Заполните остальные обязательные поля, при необходимости прикрепите документы;\n3.  После заполнения разделов и прикрепления документов поставьте галочки в чек-боксы "Подтверждение достоверности прикрепленных документов" и "Согласие на обработку персональных данных" и нажмите кнопку "Перейти к оформлению";\n4.  В открывшемся разделе "Оформение документов на изготовление сертификата" скачайте заявления. Распечатайте, подпишите и прикрепите сканированную копию заявлений в соответствующий раздел;\n5.  Для отправки заявки на перевыпуск сертификата нажмите кнопку "Отправить". Статус заявки изменится на "Отправлено в обработку", заявка поступит на рассмотрение Специалисту Удостоверяющего центра.</div>	Editorial
Раздел "Юридический / Почтовый адрес" 	<strong style="line-height:1.6">Ответ Оператора: **<span style="line-height:1.6">"В подразделе "Юридический адрес" указывается адрес организации в соответствии с учредительными документами. Для заполнения раздела:</span>\n\n</strong>*   В полях "Регион", "Район", "Город", "Населенный пункт" выберите из выпадающего списка нужное значение;\n*   В поле "Страна" по умолчанию проставлено значение "Российская Федерация";\n*   Если поле не требует заполнения, в выпадающем списке выберите прочерк;\n*   Заполните с клавиатуры обязательные поля "Улица", "Почтовый индекс", "Строение / корпус";\n*   Поле "ОКАТО" заполняется автоматически после заполнения других полей раздела.В разделе "Почтовый адрес" указывается адрес организации, используемый для направления почтовых сообщений. По умолчанию в разделе установлена галочка в поле "Совпадает с юридическим адресом". Если почтовый адрес не совпадает с юридическим, уберите галочку и заполните появившиеся поля по аналогии с заполнением полей в разделе "Юридический адрес".	Editorial
Подача заявки на получение нового сертификата / перевыпуск сертификата после отклонения	Для внесения изменений в отклоненную заявку на сертификат:	Editorial
Подача заявки на перевыпуск сертификата	**Ответ Оператора:** "Для перевыпуска сертификата:1.  Войдите в Личный кабинет на ЭП РТС-тендер по электронной подписи;\n2.  Перейдите в раздел "Моя организация", далее "Сертификаты ЭП" и нажмите ссылку "Мои сертификаты ЭП";\n3.  В разделе "Мои заявки" нажмите кнопку "Продлить текущий сертификат";\n4.  Часть информации заполнится автоматически. Заполните оставшиеся пустыми поля;\n5.  После заполнения разделов и прикрепления документов поставьте галочки в чек-боксы "Подтверждение достоверности прикрепленных документов" и "Согласие на обработку персональных данных" и нажмите кнопку "Перейти к оформлению";\n6.  В открывшемся разделе "Оформение документов на изготовление сертификата" заявление на изготовление сертификата уже сформировано и не скачивается. "Заявление на присоединение к Регламенту Удостоверяющего центра" отсутствует если перевыпускается сертификат, полученный в УЦ "FT-crypto";\n7.  Для отправки заявки на перевыпуск сертификата нажмите кнопку "Отправить". Статус заявки изменится на "Отправлено в обработку", заявка поступит на рассмотрение Специалисту Удостоверяющего центра.	Editorial
Подача заявки на получение нового сертификата	"Для отправки заявки на получение нового сертификата:	Editorial
Статусы заявки на получение сертификата  		Editorial
Подача заявки из черновика 	"Для отправки сохраненного черновика заявки:1.  Перейдите по ссылке, которая пришла в письме о сохранении черновика на адрес электронной почты, указанный при формировании заявки;\n2.  В открывшейся форме заявки на выпуск сертификата нажмите кнопку "Изменить";\n3.  При необходимости внесите изменения в заявку, поставьте галочки в чекбоксах "Подтверждение достоверности предоставляемых документов" и "Согласие на обработку персональных данных" и нажмите кнопку "Перейти к оформлению";\n4.  Скачайте, заверьте и прикрепите сканированные копии заявлений и нажмите кнопку "Отправить".\n5.  Заявка будет отправлена Оператору Удостоверяющего центра на рассмотрение."	Editorial
Получение  e-Token после оплаты заявки на получение сертификата	**Ответ Опертора: **"Заказать e-Token после оплаты заявки на получение сертификата можно направив письмо на адрес [uc@ft-crypto.ru](mailto:uc@ft-crypto.ru). По Вашей просьбе заявка будет переведена в статус "Отклонена". У Вас откроется возможность внести изменения в заявку. После отправки отредактированной заявки и дополнительной оплаты ключа Вы сможете получить e-Тoken".	Editorial
Редактирование заявки после ее одобрения 	"В случае если Вам необходимо внести изменения в заявку после ее одобрения Специалистом УЦ, например изменился КПП при получении сертификата, направьте на адрес электронной почты uc@ft-crypto.ru  письмо с просьбой отклонить заявку с целью ее редактирования".	Editorial
Срок хранения заявки на получение сертификата 	"Срок хранения заявки на получение сертификата, находящейся в любом статусе ("Черновик, "Ожидает оплаты", "Принята") не ограничен. Заявка будет храниться в системе до тех пор, пока пользователь не нажмет кнопку "Удалить" в нижней части формы заявки."	Editorial
Этапы и сроки получения сертификата электронной подписи в УЦ "FT-crypto" 	"Этапы и сроки получения сертификата электронной подписи:*   Подача заявки на выпуск сертификата (заявка рассматривается в течение 1 рабочего дня);\n*   Оплата счетов (денежные средства поступают в течение 3 банковских дней);\n*   Предоставление заверенных копий документов в Центр выдачи (срок не регламентирован);\n*   Генерация и установка сертификата (15-30 минут)."	Editorial
Этапы и сроки перевыпуска сертификата электронной подписи в УЦ "FT-crypto"  	*   Подача заявки на перевыпуск сертификата (заявка рассматривается в течение 1 рабочего дня). Заявку необходимо подать до окончания срока действия электронной подписи;\n*   Оплата счетов (денежные средства поступают в течение 3 банковских дней), возможно предоставление копии Платежного поручения с отметкой банка о списании на адрес электронной почты [uc@ft-crypto.ru](http://uc@ft-crypto.ru) с просьбой зачислить платеж в срочном порядке, в данном случае возможно зачисление в течение 1 рабочего дня;\n*   Генерация и установка сертификата (15-30 минут). Сгенирировать сертификат возможно после окончание срока действия электронной подписи, при входе под логином и паролем»	Editorial
Удаление заявки на сертификат	 "Техническая возможность удаления заявки на сертификат присутствует только в статусе "Черновик". Для удаления заявки:1.  Осуществите вход в сервис управления сертификатами (см.ст. "[Вход в Сервис управления сертификатами](http://vtiger.sibir.rts-tender/index.php?module=Faq&view=Detail&record=4617)");\n2.  Откройте форму заявки на сертификат;\n3.  В нижней части экрана нажмите кнопку "Удалить" и подтвердите действие".	Editorial
Срок изготовления сертификата 	"Срок рассмотрения специалистом заявки на получение сертификата - 1 рабочий день. Вы генерируете сертификат самостоятельно. Поэтому Вы можете сформировать сертификат в Личном кабинете сразу после поступления оплаты на расчетный счет УЦ "FT-crypto" и предоставления заверенных копий документов в точку выдачи".	Editorial
Просмотр причины отклонения заявки на сертификат	**Для Оператра: **Если Пользователю непонятна  причина отклонения заявки на сертификат или Пользователь не согласен с ней  и Оператор не может объяснить причину отклонения, рекомендуйте Пользователю отправить сообщение на адрес электронной почты [uc@ft-crypto.ru](http://ft-crypto.ru). "Информация об отклонении заявки на сертификат с причиной отклонения поступает на адрес электронной почты пользователя, указанный при формировании заявки на сертификат. Для просмотра подробной информации о заявке:	Editorial
Ускоренное рассмотрение заявки на сертификат	"Срок рассмотрения специалистом заявки на получение сертификата - 1 рабочий день. Информация по Вашему обращению будет передана ответственному специалисту. По возможности Ваша заявка будет рассмотрена вне очереди. Ожидайте информацию о результате рассмотрения на адрес электронной почты".	Editorial
Регистрация в Сервисе управления сертификатами		Editorial
Вход в Сервис управления сертификатами	"Для входа в Сервис управления сертификатами (для просмотра заявки, для генерации и установки сертификата, для скачивания счетов на оплату):	Editorial
Восстановление пароля для входа в Сервис управления сертификатами 	"Для восстановления пароля для входа в Сервис управления сертификатами:1.  Перейдите по ссылке из поступившего письма;\n2.  На странице авторизации нажмите кнопку "Восстановить пароль";\n3.  Введите адрес электронной почты (логин) и символы, представленные на картинке, нажмите кнопку "Восстановить";\n4.  На адрес электронной почты придет письмо с новым паролем для входа в Сервис управления сертификатами."	Editorial
Вход в заявку на выпуск сертификата если нет письма, содержащего ссылку	**Решение:**1.  Откройте заявку в Личном кабинете Оператора;\n2.  Скопируйте Guid в адресной строке браузера (после равно);\n3.  В ссылку [https://app.rts-tender.ru/crypto/Cabinet/CertRequestView.aspx?FileGuid](https://app.rts-tender.ru/crypto/Cabinet/CertRequestView.aspx?FileGuid)= после равно вставьте скопированный текст;\n4.  Передайте ссылку пользователю (по почте, через удаленный доступ);\n5.  Пройдя по ссылке пользователю необходимо ввести логин (e-mail) и пароль, который вводили при регистрации.	Editorial
Контакты УЦ "FT-crypto"	**Контакты **УЦ "FT-crypto"**:***   Полное наименование: Общество с ограниченной ответственностью "Финтендер-крипто" (ООО "Финтендер-крипто"), Генеральный директор - Бубуненко Игорь Анатольевич;\n*   Телефон: (499)-653-57-00 (звонок платный);\n*   График работы линии техподдержки: с 5:00 до 19:00 Мск, выходные - суббота, воскресенье;\n*   E-mail: uc@ft-crypto.ru ;\n*   Юридический и почтовый адрес: 656056, Алтайский край, г. Барнаул, ул. Максима Горького, д. 29.	Editorial
Контакты ЭП РТС-тендер	"Сведения о контактах компании РТС-тендер и ее представительствах можно посмотреть на главной странице сайта www.rts-tender.ru в разделе "О компании" / "Контакты".Генеральный директор ООО "РТС-тендер" - Лишенков Владимир Николаевич**Центральный офис**Контактный номер телефона:+7(800) 77-55-800 (звонок по России бесплатный); <span dir="ltr"><span dir="ltr">+7 (499) 653-55-00</span></span> - прямой городской номер для жителей Москвы и Московской области (звонки из других регионов тарифицируются как межгород)+7(495) 733-9519 - факс. Юридический и почтовый адрес: 121151, г. Москва, набережная Тараса Шевченко, д. 23-АФактический адрес: 121151, г. Москва, набережная Тараса Шевченко, д.23-А, Бизнес-центр "Башня 2000", 25 этаж**Сибирский филиал "РТС-тендер"**Контактный номер телефона:  <span dir="ltr"><span dir="ltr">+7 (3852) 200-787</span></span> - офис+7 (3852) 220-712 - факс Адрес: 656056, г. Барнаул, ул. М. Горького, д. 29**Трудоустройство**Если Вас интереcует работа в филиалах и представительствах нашей компании, расположенных в Сибирском и Дальневосточном федеральных округах, обращайтесь по телефону <span dir="ltr"><span dir="ltr">+7 (3852) 200-787</span></span> доб. 33004 или напишите письмо на [sf.common@rts-tender.ru](mailto:sf.common@rts-tender.ru)."	Editorial
Контакты ОТС-Маркет 	"На данный момент ОТС-Маркет не является партнером РТС-тендер. Для получения консультации Вы можете обратиться по телефонам, рамещенным на сайте ОТС-Маркет".	Editorial
Контакты сторонних организаций 	**Крипто-ПРО:**Тел./факс: +7 (495) 780 4820 +7 (495) 660 2330 Email: [info@cryptopro.ru](mailto:info@cryptopro.ru)Адрес для писем: 127018, г. Москва, а/я 'КРИПТО-ПРО' (б/н).**Ассоциация электронных торговых площадок:**Тел.: 8-800-2000-100Сайт: [aetp.ru](http://aetp.ru/)	Editorial
Контакты РТС-тендер по 223-ФЗ	Номера телефонов Службы технической поддержки:<span dir="ltr"><span dir="ltr"> +7 (499) 653-9-900. Время работы линии - с 5:00 до 19:00 по МСК.</span></span>Адреса электронной почты: [info223@rts-tender.ru](mailto:info223@rts-tender.ru) - поддержка Участников[support223@rts-tender.ru](mailto:support223@rts-tender.ru) - поддержка Заказчиков	Editorial
Контакты ЭП РТС-тендер Имущественные торги	 "Вопросы по работе на ЭП РТС-тендер Имущественные торги Вы можете задать специалистам по номеру телефона +7 (499) 653-77-00" или по адресу электронной почты [iSupport@rts-tender.ru](http://rts-tender.ru)".	Editorial
Перевод звонка на другого абонента 		Editorial
Сорвался звонок, абонент не отвечает, тишина или музыка в трубке, ошиблись номером, не по адресу 		Editorial
Уточнение информации по обращению 	1.  Уточните информацию по обращению (по телефону, по электронной почте);\n2.  Найдите обращение (по номеру или другим реквизитам)\n3.  Сообщите, на какой стадии рассмотрения оно находится. При необходимости свяжитесь с Ответственным и уточните подробности по запросу Клиента.	Editorial
Юридическая консультация по УЦ "FT-crypto"  		Editorial
Обращение по ОТС-тендер 	"С января 2015 года электронная площадка ОТС-тендер не является партнером РТС-тендер . На площадке РТС-тендер реализована возможность работы по 223-ФЗ. В связи с этим предлагаем Вам пройти аккредитацию на электронной площадке РТС-тендер по 223-ФЗ и продолжить работу с группой наших площадок. Подробную информацию по аккредитации Вы можете получить по тел: +7 (499) 653-9-900. Время работы линии - с 6:00 до 18:00 по МСК".	Editorial
Просьба соединить со специалистом / Вопрос по продвижению FT-крипто 	1.  Уточните ИНН / Наименование организации, вопрос, адресованный специалисту, контактные данные обратившегося: ФИО, контактный номер телефона;\n2.  Предоставьте ответ: "Информация будет передана ответственным специалистам. С Вами свяжутся в ближайшее время";\n3.  Поставьте задачу используя шаблон "Контакты клиента для продвижения".	Editorial
Вопрос по ранее полученному Коммерческому предложению по перевыпуску сертификата 	1.  Уточните ИНН / Наименование организации, вопрос, адресованный специалисту, контактные данные обратившегося: ФИО, контактный номер телефона;\n2.  Предоставьте ответ: "Информация будет передана ответственным специалистам. С Вами свяжутся в ближайшее время";\n3.  Поставьте задачу, используя шаблон: "Контакты клиента для продвижения".	Editorial
Обращение о помощи сгенерировать сертификат	 "Информация передана техническим специалистам, с Вами свяжутся в указанное время".	Editorial
Сервис поиска торгов и проверки контрагентов	"Специально для наших Пользователей мы предлагаем абсолютно бесплатно воспользоваться системой поиска торгов "СТАР" и проверки контрагентов "ОК" в нашем сервисе.  \n "[СТАР](https://star.fintender.ru/)" – система тендерных аналитических решений, позволяет производить интеллектуальный поиск по проводимым закупкам в понятной и удобной форме по всем ЭП.   \n "[ОК](https://fintender.ru/ok)" – система проверки контрагентов  позволяет в 1 клик получить актуальные данные о контрагенте:*   регистрационные данные компании;\n*   юридический и финансовый статус организации;\n*   перечень владельцев и доли участия;\n*   сведения о причастности к экстремистской деятельности и терроризму;\n*   данные о банкротстве и наличии дисквалификаций руководства;\n*   перечень имеющихся судебных споров и исполнительных производств;\n*   статистика участия компании в государственных и/или муниципальных контрактах;\n*   сведения о принадлежности к РНП\n*   и многие другие полезные данные."	Editorial
Программа лояльности	Каждому постоянному клиенту УЦ "Финтендер-крипто" регулярно будут предоставляться различные скидки, дополнительные бесплатные услуги и приятные бонусы (программа лояльности. В эту программу попадают все клиенты, которые заказали сертификат в УЦ "Финтендер-крипто"). Информация о действующих бонусах будет направляться Участникам на электронную почту.Действующие бонусы:1.  Увеличение срока действия нового сертификата ЭП, который будет выпущен в 2018 году на 3 месяца (то есть новый сертификат ЭП будет действовать 15 месяцев). Бонус возможно получить только в том случае, если на момент акции последний сертификат будет выпущен в УЦ "Финтендер-крипто".\n2.  Запрос на ускоренную аккредитацию на площадке РТС-тендер, на весь период действия сертификата (такая заявка будет рассмотрена в течении одного рабочего дня, следующего за днем обращения).	Editorial
Предоставление заверенных копий  документов в точку выдачи	*   "Если заявка на перевыпуск сертификата была подана из Личного кабинета под электронной подписью и пользователь может действовать без доверенности – предоставление копий оригиналов документов в точку выдачи не требуется;\n*   Если заявка на перевыпуск сертификата была подана из Личного кабинета, при этом вход был выполнен под электронной подписью и пользователь не может действовать без доверенности – в точку выдачи необходимо предоставить оригинал Доверенности на получение сертификата и право подписи документов. Доверенность на владельца сертификата должна быть выдана не позднее 14 дней с момента изготовления сертификата. Оригинал доверенности отправляется по почте России по адресу:656056, Алтайский край, г. Барнаул, ул. Максима Горького, д 29.;\n*   Если заявку на получение подал новый пользователь или заявка была подана под логином / паролем – копии оригиналов всех документов предоставляются в точку выдачи.Копии оригиналов документов необходимо предоставлять в точку выдачи лично, при себе иметь документ удостоверяющий личность. Отправка почтой не допускается.*   Если предоставляет документы и получает носитель eToken иное лицо (не то, которое указано в заявке на получение сертификата), дополнительно требуется предоставить в точку выдачи Доверенность на получение товарно-материальных ценностей (стандартная форма М2, можно скачать в 1С). В доверенности необходимо указать "Получение ключевого носителя еТокен". При формировании заявки на выпуск сертификата данную доверенность прикреплять не требуется;\n*   Документы, предоставляемые в центр выдачи, остаются в центре выдачи, пользователю не возвращаются;\n*   Копии документов, касающихся организации и пользователя (Устав, решение о назначении на должность руководителя, паспорт, СНИЛС, свидетельста ИНН, ОГРН / ОГРНИП и т.д.), должны быть заверены печатью организации и подписью руководителя;\n*   Заявления, доверенности, формируемые на втором шаге предоставляются в Центр выдачи в оригинале. Если после подачи заявки не сохранились оригиналы заявлений, необходимо перейти в заявку на сертификат, скачать, распечатать и заверить подписью руководителя и печатью организации сканированные копии заявлений;\n*   После предоставления пакета документов в Центр выдачи, документы отправляются в центральный офис УЦ "FT-crypto" (в г. Барнаул). Документы хранятся в течение 5 лет".	Editorial
Точки выдачи УЦ "FT-crypto" 	 "Полный список точек выдачи можно посмотреть на сайте Удостоверяющего центра [http://cryptoca.ru](http://cryptoca.ru/) в разделе "Адреса выдачи". Режим работы центров персонализации УЦ "FT-crypto" можно уточнить по контактному номеру телефона интересующего центра на странице.	Editorial
Адрес центра выдачи в Москве. Режим работы 	"Адрес Центра выдачи: г. Москва, Набережная Тараса Шевченко 23А, Башня 2000, сектор А, этаж. 25Режим работы: с 09-30 до 18-00 (Мск). Контактный номер телефона Удостоверяющего центра: +7 (499) 702-47-14.В случае если на ресепшене для входа требуют пропуск, позвоните по контактному номеру телефона Удостоверяющего центра".	Editorial
Количество комплектов документов, предоставляемых в центр выдачи при выпуске двух и более сертификатов	"Учредительные документы, документы, подтверждающие полномочия руководителя можно предоставить в одном экземпляре. Все заявления, указанные во втором шаге, предоставляются на каждый сертификат отдельно."	Editorial